{
  "fix_communicate.py": 1776021239.991621,
  "middleware.ts": 1775991314.1819625,
  "next-env.d.ts": 1775843922.2564933,
  "next.config.js": 1775843892.59989,
  "playwright.config.ts": 1776149148.219923,
  "tailwind.config.ts": 1775733495.0,
  "scripts\\check-env.ts": 1776115403.1466782,
  "scripts\\create-users.js": 1775886463.014635,
  "scripts\\debug-supabase.ts": 1776116895.8150437,
  "scripts\\run-migration.ts": 1775850334.5047152,
  "scripts\\run-schema.js": 1775882890.3411973,
  "scripts\\seed-test-data.ts": 1776115279.0476112,
  "scripts\\seed-test-user.ts": 1775849997.6759593,
  "scripts\\setup-supabase.ts": 1775850042.0976036,
  "scripts\\test-login.js": 1775887052.5455844,
  "scripts\\test-rls.js": 1775882362.6116216,
  "src\\app\\layout.tsx": 1775733627.0,
  "src\\app\\page.tsx": 1775733970.0,
  "src\\app\\api\\auth\\set-session\\route.ts": 1776185137.0128443,
  "src\\app\\auth\\error.tsx": 1775892496.4581687,
  "src\\app\\auth\\layout.tsx": 1775849502.485608,
  "src\\app\\auth\\loading.tsx": 1775892494.1036155,
  "src\\app\\auth\\callback\\route.ts": 1775892368.4965093,
  "src\\app\\auth\\login\\page.tsx": 1775849539.5971282,
  "src\\app\\principal\\layout.tsx": 1775733983.0,
  "src\\app\\student\\layout.tsx": 1775733991.0,
  "src\\app\\super-admin\\layout.tsx": 1775841979.9427733,
  "src\\app\\super-admin\\page.tsx": 1775906377.8120565,
  "src\\app\\super-admin\\command-center\\page.tsx": 1775904873.4504874,
  "src\\app\\super-admin\\command-center\\components\\actions-panel.tsx": 1775904917.938085,
  "src\\app\\super-admin\\command-center\\components\\alert-feed.tsx": 1775838281.6834204,
  "src\\app\\super-admin\\command-center\\components\\command-center-shell.tsx": 1775904917.938085,
  "src\\app\\super-admin\\command-center\\components\\date-range-picker.tsx": 1775904522.6877873,
  "src\\app\\super-admin\\command-center\\components\\growth-comparison.tsx": 1775838435.444331,
  "src\\app\\super-admin\\command-center\\components\\kpi-cards.tsx": 1775837958.1525662,
  "src\\app\\super-admin\\command-center\\components\\metrics-grid.tsx": 1775838053.2508287,
  "src\\app\\super-admin\\command-center\\components\\metrics-section.tsx": 1775838084.3864539,
  "src\\app\\super-admin\\command-center\\components\\school-rankings.tsx": 1776013612.6809585,
  "src\\app\\super-admin\\communicate\\error.tsx": 1775838363.9102185,
  "src\\app\\super-admin\\communicate\\loading.tsx": 1775904812.6300244,
  "src\\app\\super-admin\\communicate\\page.tsx": 1775906253.4682746,
  "src\\app\\super-admin\\content\\error.tsx": 1775838084.4953861,
  "src\\app\\super-admin\\content\\loading.tsx": 1775904834.7692106,
  "src\\app\\super-admin\\content\\page.tsx": 1776037653.5236938,
  "src\\app\\super-admin\\financials\\error.tsx": 1775838263.0467503,
  "src\\app\\super-admin\\financials\\loading.tsx": 1775906629.9132233,
  "src\\app\\super-admin\\financials\\page.tsx": 1775906861.2855408,
  "src\\app\\super-admin\\financials\\tabs\\ai-cost-monitor.tsx": 1775909833.4835966,
  "src\\app\\super-admin\\financials\\tabs\\pricing.tsx": 1775904917.938085,
  "src\\app\\super-admin\\financials\\tabs\\revenue-overview.tsx": 1775904917.938085,
  "src\\app\\super-admin\\financials\\tabs\\school-billing.tsx": 1775904917.938085,
  "src\\app\\super-admin\\operations\\error.tsx": 1775838136.7872698,
  "src\\app\\super-admin\\operations\\loading.tsx": 1775838134.2308526,
  "src\\app\\super-admin\\operations\\page.tsx": 1776038565.7936826,
  "src\\app\\super-admin\\schools\\school-filters.tsx": 1775964794.8306594,
  "src\\app\\super-admin\\schools\\school-wizard.tsx": 1776017259.4580264,
  "src\\app\\super-admin\\schools\\schools-client.tsx": 1775963475.914882,
  "src\\app\\super-admin\\schools\\schools-summary.tsx": 1775894242.537953,
  "src\\app\\super-admin\\schools\\schools-table.tsx": 1775893987.9450266,
  "src\\app\\super-admin\\schools\\types.ts": 1776017320.1309888,
  "src\\app\\super-admin\\schools\\new\\page.tsx": 1776040194.0820525,
  "src\\app\\super-admin\\schools\\[schoolId]\\error.tsx": 1775842202.355566,
  "src\\app\\super-admin\\schools\\[schoolId]\\loading.tsx": 1775842199.2704842,
  "src\\app\\super-admin\\schools\\[schoolId]\\page.tsx": 1775923259.9661868,
  "src\\app\\super-admin\\schools\\[schoolId]\\components\\school-detail-tabs.tsx": 1775911958.074335,
  "src\\app\\super-admin\\schools\\[schoolId]\\components\\tabs\\ai-costs-tab.tsx": 1775912005.3091242,
  "src\\app\\super-admin\\schools\\[schoolId]\\components\\tabs\\content-tab.tsx": 1775843145.2099588,
  "src\\app\\super-admin\\schools\\[schoolId]\\components\\tabs\\notifications-tab.tsx": 1775843214.8597183,
  "src\\app\\super-admin\\schools\\[schoolId]\\components\\tabs\\overview-tab.tsx": 1775912026.0473049,
  "src\\app\\super-admin\\schools\\[schoolId]\\components\\tabs\\settings-tab.tsx": 1775912047.3071735,
  "src\\app\\super-admin\\schools\\[schoolId]\\components\\tabs\\team-tab.tsx": 1775912075.0407367,
  "src\\app\\teacher\\layout.tsx": 1775733987.0,
  "src\\components\\auth\\login-form.tsx": 1776184959.63125,
  "src\\components\\super-admin\\sidebar.tsx": 1776040402.183793,
  "src\\components\\ui\\badge.tsx": 1775837705.596897,
  "src\\components\\ui\\button.tsx": 1775837715.6278262,
  "src\\components\\ui\\card.tsx": 1775837699.2306635,
  "src\\components\\ui\\checkbox.tsx": 1775838127.4710379,
  "src\\components\\ui\\dialog.tsx": 1775904917.9390838,
  "src\\components\\ui\\dropdown-menu.tsx": 1775923714.0327027,
  "src\\components\\ui\\input.tsx": 1775837759.6869097,
  "src\\components\\ui\\label.tsx": 1775838131.0478244,
  "src\\components\\ui\\progress.tsx": 1775892982.3214684,
  "src\\components\\ui\\select.tsx": 1775927974.7433176,
  "src\\components\\ui\\skeleton.tsx": 1775837803.0504167,
  "src\\components\\ui\\switch.tsx": 1775892984.829908,
  "src\\components\\ui\\table.tsx": 1775923735.502924,
  "src\\components\\ui\\tabs.tsx": 1775904917.9390838,
  "src\\lib\\actions\\super-admin\\command-center.ts": 1776013570.569296,
  "src\\lib\\actions\\super-admin\\communicate.ts": 1776040662.454289,
  "src\\lib\\actions\\super-admin\\content.ts": 1775984378.3689215,
  "src\\lib\\actions\\super-admin\\financials.ts": 1776021663.6279943,
  "src\\lib\\actions\\super-admin\\operations.ts": 1776016560.8109272,
  "src\\lib\\actions\\super-admin\\schools.ts": 1775990754.1232326,
  "src\\lib\\ai\\cbse-coverage-gate.ts": 1776121705.5067227,
  "src\\lib\\ai\\clients.ts": 1776119313.1547048,
  "src\\lib\\ai\\content-filter.ts": 1776120304.1013584,
  "src\\lib\\ai\\cost-tracker.ts": 1775904917.9390838,
  "src\\lib\\ai\\index.ts": 1776120977.7650578,
  "src\\lib\\ai\\model-router.ts": 1775733617.0,
  "src\\lib\\ai\\pipeline.ts": 1776121286.8113506,
  "src\\lib\\ai\\query-classifier.ts": 1775904917.9390838,
  "src\\lib\\ai\\rag.ts": 1776117375.8003774,
  "src\\lib\\ai\\types\\index.ts": 1775733617.0,
  "src\\lib\\auth\\school-context.ts": 1776158657.6281989,
  "src\\lib\\notifications\\actions.ts": 1775990986.8946679,
  "src\\lib\\notifications\\edge-function-send-scheduled.ts": 1775733617.0,
  "src\\lib\\notifications\\index.ts": 1775733617.0,
  "src\\lib\\notifications\\permissions.ts": 1775904917.9390838,
  "src\\lib\\notifications\\recipient-resolver.ts": 1775991383.5170753,
  "src\\lib\\notifications\\sanitizer.ts": 1775904917.9390838,
  "src\\lib\\notifications\\types.ts": 1775733617.0,
  "src\\lib\\supabase\\auth-actions.ts": 1776185039.3071387,
  "src\\lib\\supabase\\client.ts": 1775733522.0,
  "src\\lib\\supabase\\database.types.ts": 1775907976.6925118,
  "src\\lib\\supabase\\index.ts": 1775923743.84276,
  "src\\lib\\supabase\\server.ts": 1776182269.390555,
  "src\\lib\\utils\\feedback.ts": 1775893005.9715712,
  "src\\lib\\utils\\index.ts": 1775904917.9390838,
  "src\\utils\\execFileNoThrow.ts": 1776112322.373472,
  "tests\\global-setup.ts": 1776118507.1496525,
  "tests\\super-admin\\accessibility\\accessibility.spec.ts": 1775842937.2230945,